"File","Lines","SHA256"
"src\test\java\local\jarios\variants\pliegos\AbstractOpenDataPliegosPersistencePlanTest.java","174","5B27AF6B41D8955ACF01AD7A2080016953C0DFD53C518D9256F5B9F63106CBB6"
"src\test\java\local\jarios\repositories\RepositoryImplUpdateDetectionTest.java","31","31C23DBAA37828A002E0BA0DA60FF0A18C5CAD40075B64D24CB4E689C1DB99CE"
"src\test\java\local\jarios\variants\malaga\OpenDataMalagaLocalTest.java","197","31461B1CE2B9A06F740E04A57D5EA960EF63323FC33379897752614E777405D5"
"src\test\java\local\jarios\repositories\RepositoryImplPersistenceIntegrationTest.java","505","53B2BC6AF065F83F981ABB8B2C2654FCAE4B78E5AA134D0E9EA41C4AB9417280"
"src\test\java\local\jarios\services\ServicePrincipalImplImportPersistenceTest.java","64","7732590B7C435C6F97BDEDB0EE2E63991873E6189572A1E0597FF60885EFA9D5"
"src\test\java\local\jarios\mappers\atom\MapperDeletedEntryTest.java","59","5F98206D1596D3878F9320F5A5BFFCE36A724F17EE3BC7FE41F5BB72F1C2765A"
"src\test\java\local\jarios\testsupport\jpa\AbstractJpaConventionTest.java","59","79D7726AF1081CD9211EA06DEDCC53BC99D2D969F1741957A8E1A5082D94DB6A"
"src\test\java\local\jarios\helpers\DeletedEntryScopeResolverTest.java","127","715784A965FC44328777841B5249AD2813AE4FC23FC5C5690F15A1F0EBCDD4BA"
"src\test\java\local\jarios\helpers\EntryProcessorSnapshotTest.java","170","302BE7E709F0A8B855B4693740200C6BA80C609C262633AB3F1EC6F0C81AC0CB"
"src\test\java\local\jarios\email\ExecutionEmailReportBuilderTest.java","94","F697C7158030611D34A00E7604534C1B5E87A50BB9979CED42D8893C9487A8DE"
"src\test\java\local\jarios\filtro\evaluator\FiltroFechasEvaluatorTest.java","82","9283241F27EF5D95DBDC060F52E46AD4D96C4DC2765EA83B59D572914946B768"
"src\test\java\local\jarios\entity\MapperEntityStringLengthConsistencyTest.java","378","80E0C67E29D9B4C9F5F8283650F256F37B10145EB63090048059543B35645141"
"src\test\java\local\jarios\entity\MapperEntityFieldCoverageTest.java","288","08DB043875F28768F41A5D40A8010A16D4CD00A38415A34DC4FAAF78649143C0"
"src\test\java\local\jarios\entity\JpaStringLengthConsistencyTest.java","75","EE6EB063687433D8AF6309974E4BCDAE6390610AD51670F08B793BB3FAC62031"
"src\test\java\local\jarios\entity\JpaForeignKeyConventionTest.java","115","4C6707F0F5D015054232ABAB52D18850C9006DF1FA3A0350172FE94164352D70"
"src\test\java\local\jarios\entity\FilterTableNameTest.java","18","1B98E410D28CF24220A4390127E6206710FE3E9105EBE05FEB33DB1DC3EC899C"
"src\test\java\local\jarios\entity\EntityRelationIdentifierLengthTest.java","125","ADA17BB4F9F49C025CD0061154D2BBC0FB5542CF21EB908BBFEBB8CEAD87C23B"
"src\test\java\local\jarios\entity\EntityNamingConventionTest.java","92","11BB730404EA91F7093FCC898675F0719EAA3F186500422FD240F73665AE2B2C"
"src\test\java\local\jarios\core\pipeline\context\OpenDataExecutionContextHistoricoTest.java","50","F3C89FC76C25E1AC19383E7EC7006110982EDAC29CAEA0D3D3AFA6B737434BBC"
"src\main\java\local\jarios\variants\pliegos\OpenDataPliegosLocal.java","83","79B727158A3BEF7BAC39B85E73209AD342CF113AA27EF179FA8A570C7636890B"
"src\main\java\local\jarios\variants\pliegos\OpenDataPliegosInternet.java","91","FE21AA63B0B76804265483251F153DF654FBBA9F00C0E15C2EFA9D4C892C5775"
"src\main\java\local\jarios\variants\pliegos\AbstractOpenDataPliegos.java","141","B721B9E7FFBE744A50334E8863378A3A648448C7E9EDA49CD7550C9B8BB54333"
"src\main\java\local\jarios\variants\malaga\OpenDataMalagaLocal.java","86","48B785261CA29D88AE0E01F9CBC2A321828A83CB0483FB971A9CBE9D33B67B57"
"src\main\java\local\jarios\variants\malaga\OpenDataMalagaInternet.java","91","D91CA421154ECA98E54F7BA54769703324B7C6AA8F00A0E0CB5B770D43B6757B"
"src\main\java\local\jarios\variants\malaga\AbstractOpenDataMalaga.java","262","DF5BDC09BF0ABF6F9A8F34395AFDF70246445459F62F38EC067DBC22C2D6A81A"
"src\main\java\local\jarios\services\ServicePrincipalImpl.java","186","024F0A585D4A9E523D515766CE3144C3E924C500C5CED35FDC203D2D443C3D39"
"src\main\java\local\jarios\services\ServicePrincipal.java","95","1C9196D01A66AE7E73F81713CBC8AA89AFAA26746CB87552C8C7E24931178DA8"
"src\main\java\local\jarios\services\ImportPersistencePlan.java","87","577E39B147643F8AF27A7C40E1B6DB087FE2AF23C5C4F1CDE6557606FCD62248"
"src\main\java\local\jarios\repositories\TransactionManager.java","74","C2C02D661227445143CF8C37BCB9473F2BB83A0F15B1F79BA7B668ECFA6433DD"
"src\main\java\local\jarios\repositories\RepositoryImpl.java","657","A05498856CEDAEE653419EE656113066766102FA0B71046C24F7FC2D9A01016E"
"src\main\java\local\jarios\repositories\Repository.java","109","ABA196245AC3A7F5E836F82615A190806E744FBC75435C927D94747274D12E61"
"src\main\java\local\jarios\repositories\EntrySnapshot.java","5","9D5E81218E3A4571A4764ABB2C2BD499F236FB62CF851F05EEB1F7FF413D695C"
"src\main\java\local\jarios\parsers\LocalFeedSource.java","147","BE4F67CD5D9522D2E2954AB95DFDABE76DA2228BCF019249DB4BDE727A206EAB"
"src\main\java\local\jarios\parsers\InternetFeedSource.java","292","8A604E802488470D65CB32A71E365D42C14E30D88B3EBF2AD7C96619CC531E7B"
"src\main\java\local\jarios\mappers\excel\MapperOrganoContratacion.java","56","7DD5F38BE7AB434EC5663CBB582AF37E6F35B13721114055F45B174F7E3D4294"
"src\main\java\local\jarios\imports\ImportResult.java","14","AB873BC0AEA66F6E4BC3F2D094391B274D607EB42258D8C978FFE7BD00CCBB6D"
"src\main\java\local\jarios\enums\TipoSolvencia.java","12","0A7A22675B16553200D8EC866AB642127E60F9A047F4227D8803F456DF738874"
"src\main\java\local\jarios\enums\TipoFinalEjecucion.java","12","5D5D90B8BD9BB8FE3F0AE50356354B18936DB54678A07B0C2EA99FD6B9CDA3D5"
"src\main\java\local\jarios\enums\TipoFecha.java","12","164598F20DCAE6503CB1E7542889490363D9C7B646D6DAE3C97DE9E3877FCC10"
"src\main\java\local\jarios\enums\TipoDocumento.java","28","303215A9B07C5DE793395F988C4EB5456318DA44A8E17236D0C3D019B61B56B2"
"src\main\java\local\jarios\enums\TipoConexion.java","22","E54787868D7C9600F2CF0744DB41DF6ABA1809FE2D7A8E56F88DD189C4C9C6B1"
"src\main\java\local\jarios\enums\PropertyFile.java","54","21DF893CB1376D13501BC900FEC5E0FC313C816EC9273DFC9BCEFF802313CD57"
"src\main\java\local\jarios\enums\FiltroTipo.java","19","D2E032DDD64352C92A30A41C990522399B07BE3D7411B0ACD0C9855AA797E0E1"
"src\main\java\local\jarios\enums\EntryOpcion.java","43","E5A4F48E3C7806F51A59FB9CBEC00AD3F5FD2537B611293D311AB824D21F84A2"
"src\main\java\local\jarios\enums\DeletedEntryOpcion.java","7","BD508102EF4909E20CCBE77ABE333673B28200BA78DFABEAC2DF5B6B714A46C0"
"src\main\java\local\jarios\enums\AccionOrganoContratacion.java","38","E45BA6CF8F69CB1E8E47939A99B76AF4E444CDA405897EB742AC28EFC2E5A07C"
"src\main\java\local\jarios\mappers\codice\MapperUuid.java","45","5B5A44635EC815D635EF5093BCAE17C6930C5C63A080D32516BC63E34FBADCD0"
"src\main\java\local\jarios\mappers\codice\MapperTenderResult.java","305","373AD911EA3C43302E92BE9DB621EE55CEC2AD5E3AD77D73D371D35BA5DAEDD5"
"src\main\java\local\jarios\mappers\codice\MapperTenderingTerms.java","269","535E38919710C5774CBFFAA965C532FB1F0455F1F309EF9742C749D9169BF00A"
"src\main\java\local\jarios\mappers\codice\MapperTenderingProcess.java","183","0E7EB73ADE92D2334A227A2E1C94F70600EAE361266962F09F030B0CC588E0E6"
"src\main\java\local\jarios\mappers\codice\MapperTendererRequirement.java","55","FFE8D49F6EC2DC58FFE432FA2A651F2AE2D8788D853BB4E657D7AA14074BFCBD"
"src\main\java\local\jarios\mappers\codice\MapperTendererQualificationRequest.java","88","3689542F638EC4871B0C1821351806DAC413C88417BA92F6543A7400651270EE"
"src\main\java\local\jarios\mappers\codice\MapperSubcontractTerms.java","60","C9DD82B5778E856B01BB5CDC78AB4BF41014172BBDF0247DC9EDC79E041043FF"
"src\main\java\local\jarios\mappers\codice\MapperProcurementProjectLot.java","95","9EE29B1BCFA8CEF36FD1EF9BF119D1007ADF4E4C1403CA8C0F2415F50AB04680"
"src\main\java\local\jarios\mappers\codice\MapperProcurementProject.java","200","217C3BF79C0D3FFACCB0F2F374F7DC0891395DC2F3C8258421D982871662C86A"
"src\main\java\local\jarios\mappers\codice\MapperPreliminaryMarketConsultationStatus.java","251","A62D91E4B90ADE422E412ED6A6AE759D41E0ACD05D94289DA90478E318511E47"
"src\main\java\local\jarios\mappers\codice\MapperNoticeInfo.java","222","5FBCC8A79A98688E06C59BE7A90AEFE06B7B2A925B24F83898A5A87C1C3815FA"
"src\main\java\local\jarios\mappers\codice\MapperGeneralDocument.java","51","3A739011EB23B90B315C91BAADE0773A25C542D52C91F29388DFF4B7BE1162EA"
"src\main\java\local\jarios\mappers\codice\MapperFinancialGuarantee.java","55","AD666FB0EDDA7EC6A290BCEDB8038A99A5CCCF554382F02846CA0CA343A1C2D2"
"src\main\java\local\jarios\mappers\codice\MapperEvaluationCriteria.java","60","E0BF9EA97FC227F33C85778CF631FEF1C500BC1DBCE96B17E24523E1DB625393"
"src\main\java\local\jarios\mappers\codice\MapperDocumentReference.java","166","6661876C15242C47C6C64EE2B3561919F45F442C052DBAA856E5232816C3289C"
"src\main\java\local\jarios\mappers\codice\MapperContractModification.java","167","7C72A7F0C9BE120B2B05463C2BF398642C6348066AB9AAD3632350EEFFE46C24"
"src\main\java\local\jarios\mappers\codice\MapperContractFolderStatus.java","357","E6CFC1EA997E8EB8770F178299D58C62FA706E5B3B423B8CA3717831ACCF2EB7"
"src\main\java\local\jarios\mappers\codice\MapperContractExecutionRequirement.java","55","585CBD5EB79E73E58C3303777104DC16BFB7BC542C2D256DB8E1D2C953DE6BF6"
"src\main\java\local\jarios\mappers\codice\MapperCommodityClassification.java","47","5DEA5E740C50A8CB940E032BDFCC1B90F8FCDA913C46D056303D6279B1635600"
"src\main\java\local\jarios\mappers\codice\MapperClassificationScheme.java","49","5736E751A2468A0E18DEF8873C5E67E6075F5BE6B24876DC430F2808A4F5C905"
"src\main\java\local\jarios\mappers\codice\MapperClassificationCategory.java","43","4F010C7A9A12ABCC47E2EDF0726A1167751385A6A8E685851A9A2A82431E2212"
"src\main\java\local\jarios\mappers\codice\MapperAwardingCriteria.java","81","81935CA7623973D3D769C9F36C8B3E2CE0AB92B2DCE10206C1B0C00EFFACE50A"
"src\main\java\local\jarios\helpers\UnmarshallerHelper.java","90","D1E561581BE783DC6BAD48A6657B69A2A5A5F04E2015AE2F5317049C69616BF0"
"src\main\java\local\jarios\helpers\TipoSindicacionHelper.java","68","C37F97FE656E6D2F51ACAC9F1CEC9538A3AA54BC16AE8DA44A16776C53D0C0A5"
"src\main\java\local\jarios\helpers\StringHelper.java","289","598F2439E0D732E29BF7A2084F3482406D57F6F384315AEA215693B1F8A101EB"
"src\main\java\local\jarios\helpers\OcHelper.java","35","0F1402F026A482A5238EBFB46B4E6810DFBD36118B53BB96C2DC28E190BBD80A"
"src\main\java\local\jarios\helpers\MapHelper.java","104","05B7D5794C78CAA8E137F5DBC5A44FC90950A8F8812C6F74CF21A6E11FDF97CA"
"src\main\java\local\jarios\helpers\LogbackHelper.java","54","C3CB26E4B0336AE73354A86D1DC293B0D28C94D3479722F2D61133AAEB91C30A"
"src\main\java\local\jarios\helpers\LocalDateTimeHelper.java","101","8C6C2D8B791D241EA212E6D99E86858C6AD2F8709B7554EF376761517456CC5A"
"src\main\java\local\jarios\helpers\HttpClientHelper.java","92","7724AEAB3476DF6EE47A536721ACA904E9C509283C37935EC3D8CBC01E8CCA34"
"src\main\java\local\jarios\helpers\HistoricoTotales.java","14","94519874430351895AEF6160ACE91E05A25771D1B79A08B44479B308D3236DBE"
"src\main\java\local\jarios\helpers\GregorianCalendarHelper.java","41","2BCA6B9B52224BD33C80C77B75AF4EC7B4CFE9474DBF31C55E5BF07C1B697459"
"src\main\java\local\jarios\helpers\FileHelper.java","67","CA8EFCC85EAF5C0BC048612164FD5CB4A52BF1BEB13751DD9F8A45B8E60EC012"
"src\main\java\local\jarios\helpers\FeedLocationHelper.java","69","C1D82299946B00118852946C7829A8C3808F04AD761339D8AC71CCE6484C215D"
"src\main\java\local\jarios\helpers\FeedHelper.java","145","E83F6C7A74101409C7826F55B43C4C6BF9A9A78D27AA1418E62DE674FA8F84E3"
"src\main\java\local\jarios\helpers\EntryProcessor.java","193","9C054F7D6DA7C2F0C9D86A2CD1D95958B3DBB7FF07DC33443A96716BA7D12BE3"
"src\main\java\local\jarios\helpers\DeletedEntryScopeResolver.java","106","A94B63864271B6839E11E036A80423DB6C41BE440196C85BA4FAFCCC12C3B670"
"src\main\java\local\jarios\helpers\ContextEntryState.java","59","A53DD98A5ED735C39D53A2FF8ABFFDE9F23896BFB6736ED9E4793B835454E49E"
"src\main\java\local\jarios\helpers\ComunHelper.java","65","C38B74FDDDF6C9D057AE6F6F1484F59440942F1BE633E91972D31F3B51C7E360"
"src\main\java\local\jarios\mappers\auxiliares\MapperStringFromList.java","126","290A730FF05166433544482CAD0CF75E744ED170C9018FF8A90FD6182DD83DAA"
"src\main\java\local\jarios\mappers\auxiliares\LinkInfo.java","47","36C7B0A430FE44CEDA883333AA73FD8AC11D61BEBADDA4D2E1B91DFF3B4A155C"
"src\main\java\local\jarios\core\pipeline\steps\ResolveEntriesStep.java","4","ACE0AE9F1F469C9B6005564E2E36E17935670CEAD31F8BAAC5D3A4850328E820"
"src\main\java\local\jarios\core\pipeline\steps\ResolveEntriesOpenDataStep.java","27","1A883A71E697AABFD3193B5A8779F1BCED541645E33DE71E549ABD1D933B62FE"
"src\main\java\local\jarios\core\pipeline\steps\ResolveDeletedEntriesOpenDataStep.java","18","134745E3081CACF9DE91700236E500C9557ABAD8EB9A5AFDD78849E2136C23F7"
"src\main\java\local\jarios\core\pipeline\steps\PreviewOpenDataStep.java","17","07F7A5A504475716FAF817BD93BAD5622CB4DFD44AAFA0F3BA953AA9F07690CF"
"src\main\java\local\jarios\core\pipeline\steps\PreParseOpenDataStep.java","21","AFB29CAD52B61909A4B37DB5D53E2AAD4279FE045F420D7421066CE48F33256C"
"src\main\java\local\jarios\core\pipeline\steps\PersistStep.java","4","541EE65B8323BBE66413BE57CAF4088CE7B47A54733C289932A465E0FA6AE274"
"src\main\java\local\jarios\core\pipeline\steps\PersistOpenDataStep.java","17","CF33CCB459AEB33C3120F91B40D05E29D0A9F521C99D27A83EE0CBA6515D11E4"
"src\main\java\local\jarios\core\pipeline\steps\ParseOpenDataStep.java","18","4B806B69C7754AD444AFE00B5E8C5F8020F1699289BD049A52E109C37DD59582"
"src\main\java\local\jarios\core\pipeline\steps\ParseFeedsStep.java","4","62BD5517BEE916E0BC1607FF33451D19E74824CDD68094DED0EBE59DFC1278BF"
"src\main\java\local\jarios\core\pipeline\steps\NotifySuccessOpenDataStep.java","17","4CD4164D9A5C37C4AF6D1F7480DFB835EE687E1E36D48BBEB1A41A8FA4B544EA"
"src\main\java\local\jarios\core\pipeline\steps\NotificationStep.java","4","BA2839CBBF74476A14CCFD88FA9E17811F534EC95D69FE00F5A6616648E21AFD"
"src\main\java\local\jarios\core\pipeline\steps\InitOpenDataStep.java","19","67F99989E6E3977915A34DD5B51BFFDAA3C5FDB755FE50ACB8E41BAFBBAD5FED"
"src\main\java\local\jarios\core\pipeline\steps\GroupFeedsStep.java","4","AF0731F0AA46695F141F81593A3641BB1692ACDEA4E078DD0546BD02CA84029A"
"src\main\java\local\jarios\core\pipeline\steps\AbstractOpenDataStep.java","21","C01A5F67775E1BA61DBC2862C223C18BFFB100D8AC3A6071E255734EAD047311"
"src\main\java\local\jarios\core\pipeline\PipelineStep.java","18","9B09F35D8FBB3DC5B030A7B5C9EC79BFB071A03CC120B7629046748204A884E2"
"src\main\java\local\jarios\core\pipeline\OpenDataPipeline.java","48","67F0DBBF49E0C4FAB05D69A4AB755348D1DAFC66C447C7BEF5FD250870D9C45F"
"src\main\java\local\jarios\entity\codice\Uuid.java","55","324480CCD529F913F7FD6CEE6BD0A1DFB81421AFDEC022A17EA1D2D2430E5314"
"src\main\java\local\jarios\entity\codice\TenderResult.java","176","CEBE20F8516220EECAE2265607F3C919C7668F80CB5BDD7D88FF5085F7B431FD"
"src\main\java\local\jarios\entity\codice\TenderingTerms.java","150","B6CD9DBE2038FDF4A8E2810BB7443C7D03191EAE06BBB20737681D522F4ED9B7"
"src\main\java\local\jarios\entity\codice\TenderingProcess.java","135","B090CBEE1DF2C5E1CE95F1674ADFE872E4145811546C2BADCD6F228F8485FBC0"
"src\main\java\local\jarios\entity\codice\TendererRequirement.java","73","4A1067636D0CAD18739C2B17DB5599026A3713B7B1F65D953025F27C94C9E5DA"
"src\main\java\local\jarios\entity\codice\TendererQualificationRequest.java","101","ECF8AE0E62C9D66BB8DF19777F9C69CB8157F43013673E1AB1C5F78690548D4B"
"src\main\java\local\jarios\entity\codice\ProcurementProjectLot.java","88","6E4C2A05F12F453751DE70FCE3B79C1215A384DD907F2D46C50E46CB2757DE73"
"src\main\java\local\jarios\entity\codice\ProcurementProject.java","137","5AB6DC7A83216DFCE8A10AFAB620235E1CF9FCF49DC4682D1235118714A0359A"
"src\main\java\local\jarios\entity\codice\PreliminaryMarketConsultationStatus.java","146","5B9237406E92C2C437FF6E741EAA933D05CA68C71FC61746244DE3615C0F539A"
"src\main\java\local\jarios\entity\codice\NoticeInfo.java","72","7E00306022A60C3BD7553CCDC239057612F57894AFE4767B2CF0D76A16017277"
"src\main\java\local\jarios\entity\codice\FinancialGuarantee.java","67","B825186D870E9D17EDB546CC15318168E9F2D671814CD7B6B4646906596EB18F"
"src\main\java\local\jarios\entity\codice\EvaluationCriteria.java","123","CFEC09F5C56D647F5AEECA423397F45660E374753F0BCD6E6B4D072A6028919C"
"src\main\java\local\jarios\entity\codice\DocumentReference.java","138","F706CF397806876BCF58B246C8C39B2EB92C50BA1F78A6A86AFB15CF29BAF307"
"src\main\java\local\jarios\entity\codice\ContractModification.java","110","408DCD98AB84EA244568AC8D07CBB31A51456BFC7D7181566E113A18335E2960"
"src\main\java\local\jarios\entity\codice\ContractFolderStatus.java","190","E9FF07E52E59A26CD668B4BD294C41D51D06E6E51F5DF7FC32FCBFEC7AFA2B7A"
"src\main\java\local\jarios\entity\codice\ContractExecutionRequirement.java","73","830DD15CD90DB6F7CEF11E217DA9FEF9AC0C2608BBE644AD3E8A3F7159CFE7DB"
"src\main\java\local\jarios\entity\codice\CommodityClassification.java","64","B4062171F261DAA91C48180BA6FD7743125784DEE827F6128947F2DE00489441"
"src\main\java\local\jarios\entity\codice\ClassificationScheme.java","90","2B8369F18CEF4BEC745D62917DDBDF78A541FDD5A395F69BB32CBEF9963A1015"
"src\main\java\local\jarios\entity\codice\ClassificationCategory.java","79","AF7FF6F5A20E6A007E5A4851FDFB092072B84C54EAEF4D37F44318EA596D47CC"
"src\main\java\local\jarios\entity\codice\AwardingCriteria.java","84","A7432BD54903F677EE3252C8202584F9F0E1F508B3982F996F6D4FF1CEC8B7A5"
"src\main\java\local\jarios\entity\codice\AdditionalPublicationStatus.java","80","05E3F8CBDD47A912344E8A1FBB61BD4AFBC652B7360C0D434909A71C06F6328A"
"src\main\java\local\jarios\entity\codice\AdditionalPublicationRequest.java","68","71D9C92E2E489D287880370C0CD7E0ABCAAF2C030AAE3083473DA3387BE064C2"
"src\main\java\local\jarios\entity\codice\AdditionalPublicationDocumentReference.java","74","C6EC1710B7122CD131AFE5ABB4C746E0436099AC7F533A258D23BE8B0A98FA12"
"src\main\java\local\jarios\mappers\atom\MapperFeed.java","48","CAEBC995325958246B86DC730BD013BB05586969B1727FEA167931FF522BB2E9"
"src\main\java\local\jarios\mappers\atom\MapperEntry.java","104","707DFB331EA2232963122F5FF1DD948773E4326E002EB948F7C243E8E0ACBF05"
"src\main\java\local\jarios\mappers\atom\MapperDeletedEntry.java","100","6167A9CB9348523F2B5F72B41C98922955D90EA06D84BEAD5CB4069775CD2B8D"
"src\main\java\local\jarios\core\pipeline\context\OpenDataExecutionContext.java","94","626B1875BE82AAC37B70C1091F854861BD7262E09497E0FFDB7C60A1E097A2C7"
"src\main\java\local\jarios\core\pipeline\AbstractPipelineStep.java","35","DBA418CFE38A890DA64B26F07D5183AF992C77E32215B648EED466627FE67C71"
"src\main\java\local\jarios\filtro\loader\FiltroNifsLoader.java","65","3231371FF2D957095D5DB5A34D1AB28DB49467227F62BD47B7F019AC581E7C2B"
"src\main\java\local\jarios\filtro\loader\FiltroFechasLoader.java","107","6CC81F6B1D32EF127605FB94DEDD785E66EE3E2F419C5DE97FEAB90FE33C4C2B"
"src\main\java\local\jarios\filtro\loader\FiltroCodigosPostalesLoader.java","76","D6C79C84F2540F345F14D2BEA5404900B33B3296743246172C8EB1099B667A2F"
"src\main\java\local\jarios\entity\auxiliares\OrganoContratacion.java","114","A52C9CB8CAED795508BCFBEE6DB6C2445384B5BD235BB03A93C1317B448C8FF4"
"src\main\java\local\jarios\entity\auxiliares\Nif.java","77","B85B7D0AD1C398EB22EE054603357153834802D5230F4AC8160D9EAF73DE6D8E"
"src\main\java\local\jarios\entity\auxiliares\Log.java","91","6EBDFFCB8F79996313D995CFEFF8F5B672A21C9CD971E4D958E65075F8EFCADE"
"src\main\java\local\jarios\entity\auxiliares\HistoricoEntry.java","95","43037166AC9C0BAF748BFBC960840198CACAC6B62C2596B4DE0A19DF5DA49BB3"
"src\main\java\local\jarios\entity\auxiliares\HistoricoDeletedEntry.java","90","33FAF6D6C0CECB5206529099CE01CC3D144F6281C192D591FE3692EE3B6F1418"
"src\main\java\local\jarios\entity\auxiliares\Estadistica.java","108","C3D25E84BD048942E40724712CF612E425133F0F7E16BD1FAF0C77DAFC9F7B5C"
"src\main\java\local\jarios\entity\auxiliares\Configuracion.java","74","BCC63E8398CBCBEA53340DA6F9676978B45B3E023F9AE73B7DB8BFE9452A9D40"
"src\main\java\local\jarios\entity\auxiliares\AuditableCreatedAt.java","43","8F816E7158CFBA6860B19D7D43E7CB48B7B205522038D20E1919235A946344B6"
"src\main\java\local\jarios\managers\ManagerSpreeadSheet.java","170","BCA12616E13DAB4FC747E21CFABBEE82CA7CFF1A12B4EBA52922BD9951413C9B"
"src\main\java\local\jarios\managers\ManagerJackson.java","90","29EB2576579A56036F2570BB819D1D1CECE6D7736562245EB27FBF441C1F92BD"
"src\main\java\local\jarios\core\enums\TipoSindicacion.java","18","92F26A9C993D526202C49F82372872FBF2105C6C01AE941BEB6C46FDD99BEF3B"
"src\main\java\local\jarios\core\enums\LugarImportacion.java","12","8DFB6248E5B751D89E3EB89B42065C000FA94B7BE03C2E671F2F75479F100E99"
"src\main\java\local\jarios\filtro\interfaces\FiltroLoader.java","9","095DF275CB3E85F0A218B52C83B9DDD5700FBC5FCB53775CAD8F03F8CC1F5405"
"src\main\java\local\jarios\filtro\interfaces\FiltroEvaluator.java","12","3E4FE99E37D4B9E6566C5943E0204703385A4F1AC7901D17C745423F231D8199"
"src\main\java\local\jarios\filtro\FiltroManager.java","154","DD7B58E2951C96BFF2022651EB2EF12A9B530AAEB4F1BD86B245A4065323A9D8"
"src\main\java\local\jarios\entity\atom\Feed.java","70","C4736549DF4BBAF6E5B44F18D9BD6E138AF4F8FA7CB5A2CFF26B1B2FB4E4465B"
"src\main\java\local\jarios\entity\atom\Entry.java","133","336966BAA0D91D0ADEAD2F2FD8DB4048F64195F4626C47A41EB350EA0B07EC8E"
"src\main\java\local\jarios\entity\atom\DeletedEntry.java","57","AFCDA2101D4645F34FF9EC89BD31444F2CC0771719DADC8DCD551E4AD26EFFEC"
"src\main\java\local\jarios\interfaces\HasUniqueKey.java","21","8804A848D1153AFD37815E6430B89EA4623422C9091EB115A9EB164F7E9B4DC6"
"src\main\java\local\jarios\interfaces\HasIdEntry.java","28","A180705758716313EFEF65C7B9FBD37DB4E2E5094CC91AE2F14B4C9A6E48A4D0"
"src\main\java\local\jarios\interfaces\HasAccion.java","23","FBEA95CD16A3D00A4AD99F27EED18B08F1A8FB04F2C99F94E083003BEC717D20"
"src\main\java\local\jarios\interfaces\FeedSource.java","51","46824417BD7BDF8BF672F0976D4726B688201DE24E8D19C6735192B336B0BA4A"
"src\main\java\local\jarios\interfaces\EsActualizable.java","33","599B6999BAD53CD6F196FEAEC2DDEA994D329587318122CADA777F4A4F5D094A"
"src\main\java\local\jarios\interfaces\ComparaContenido.java","15","25C939FC4C11EA24CCB2608988019A2DCDA00BDF8EA4CC3C02FA5C9A6734F957"
"src\main\java\local\jarios\core\context\OpenDataContext.java","199","4A71FE52CD8398A55BA8A42F111044721CC7FB203FD8AF84906E94B3AC36F296"
"src\main\java\local\jarios\filtro\evaluator\FiltroCodigosPostalesEvaluator.java","36","4029B2466C96A45C17306D0B10B2AC9E4EF676452DEC46D391ED60B15937F738"
"src\main\java\local\jarios\filtro\evaluator\FiltroNifsEvaluator.java","42","B3483A570592B865999D1F8BB8A9F00CEDFBE79E46527732C2CA5981EE8F8604"
"src\main\java\local\jarios\filtro\evaluator\FiltroFechasEvaluator.java","47","E2CCCAC9FD7040701694ECCC51DBDDFA989F092EE03BB0BCD2E91109145F2769"
"src\main\java\local\jarios\email\ExecutionEmailReportBuilder.java","354","D24DE9A62941F4E0419E5DDC6410CD9E71AAD99D556842D9805095985F1F297D"
"src\main\java\local\jarios\core\bootstrap\OpenDataBootstrapHelper.java","25","77312D653692BF29E19869413E159161CFC8DDC3A969360B0646C6D969CE6B6D"
"src\main\java\local\jarios\core\abstracts\AbstractOpenDataBase.java","481","05FEEED6AE34DFC588A6A805EDCEEC957E332877355CDC9FAED6CC6D0C0FE86E"
"src\main\java\local\jarios\database\SessionFactoryRegistry.java","120","A3EC830AF3CE3DCFE76CD2434A391845CE336AB822E76B2FF45CDE1482F3E74D"
"src\main\java\local\jarios\database\SessionFactoryProvider.java","209","9E3D0EFFCB3602868A48CD037CA78BB25E154A3DB497896FEFE0AB145E79291B"
"src\main\java\local\jarios\database\HibernateConfigurer.java","44","558FF468390CE8E09536ADC8174A3991C9B0C7377E36DB93432631A4C5A71B3C"
"src\main\java\local\jarios\database\EntityScanner.java","48","3EDCF59C4D405C0C14454356ED67401FEE69FB9FD01E0A9FC3CB2E3A204B064B"
"src\main\java\local\jarios\exceptions\MiHttpException.java","31","9FE20FD024861570DA80815860F2E1354515033AACC02CB277B50F7693B03D18"
"src\main\java\local\jarios\codice\LegalMonetaryTotal.java","37","8B2C48BA5EC81232F937E40B9DA74C0B31D2D000CDBA601823A8DCCACEE7C264"
"src\main\java\local\jarios\codice\AwardingTerms.java","18","C1B0BE22EE9E54649C7C566455B5138DC0C0609A6B8A0CEB9461E17C7244D44D"
"src\main\java\local\jarios\exceptions\MiInvalidDateFormatException.java","15","819D2606121BBDB2FD966D01B9FFDC620E31041311D19B958056911D1F1705D1"
"src\main\java\local\jarios\codice\LegalMonetaryTotalMapper.java","44","C638991DBED14156E2AAB35F87435DB41D566C328047256DB846BF29A711ED60"
"src\main\java\local\jarios\codice\MeassureMapper.java","41","3477CFBC0F3DF47A0AA00457EAAEC1BC56129276C7B6062D4A80E675F9F26624"
"src\main\java\local\jarios\exceptions\MiIoException.java","30","E84C5B4B62DCE5F7990E58CD8210CB947CBEF8008445F347B46645574A5BF9E1"
"src\main\java\local\jarios\codice\SubcontractTermsMapper.java","44","6F3223C1D15033A5B84A3F405FFDCB288F28232FEF4B89D2E619C2760EC52F19"
"src\main\java\local\jarios\codice\SubcontractTerms.java","26","0B87DCB794E32D3BD4D8FFBC5FA02B1F647B7151FBE05DADE83898685DA9D974"
"src\main\java\local\jarios\codice\Measure.java","30","94B9AC9D1FA662C00E76EAC551FA10D9232B34A42AF6F084BB0C9F4A66086948"
"src\main\java\local\jarios\exceptions\MiRepositoryException.java","31","6C10FDFB77AF86C3AB6E9C17C59BF6E93F2FC0920F0D78A91B2C738ECB9891BB"
"src\main\java\local\jarios\exceptions\MiParseException.java","10","B5851CDE36EBE704D70367B906A001003DD0EC385FE3C56127316733EC34994D"
"src\main\java\local\jarios\exceptions\MiMailException.java","10","DFDFE1CBA0BBBE6FBF082398AC527D890E3553323DFFCA1A3C51BA83888D637C"
"src\main\java\local\jarios\exceptions\MiSessionFactoryProvider.java","31","37624F26011A3B4474ED81522CC803181D3BEAEF94EC4EEAB785369918EAE1A1"
"src\main\java\local\jarios\exceptions\MiServiceException.java","31","253B37457746E5824F1603807CC745BC866C751FED7DE101287A617A23B6CAF0"
"src\main\java\local\jarios\exceptions\MiTransactionManagerException.java","31","52728D815018E1BEDA08B35B1C4A3C5C12000428C9AD458146FC7AEF70CC7CDF"
"src\main\java\local\jarios\exceptions\MiUnknownHostException.java","12","80C9B92CB2397216442E6114C87DE9688CE800FEF1B7A2C904D7B45CFB67F77D"
"src\main\java\local\jarios\exceptions\MiUnmarshallerException.java","17","ACBC5E2DFB5630D701FDEA5A162381D051C95EB3EDBBC9C886D31A8F1066695C"
"src\main\java\local\jarios\exceptions\MiUrlException.java","28","1E052BF2E700BA5EAF073003DF96ABE6C83DFD4A726855C243F92FAEC9EC2D10"
"src\main\java\local\jarios\common\util\TamanoCampos.java","31","86C8897D4507B4EB2E53A94BC2BEF6C89CEEE9E27BEF836FA0244D9C45123D1F"
"src\main\java\local\jarios\common\util\PropertiesKeys.java","90","16842D9CE22F70DD73B7B73EE5E234743F51D630F85A061944CC911287C2FD85"
"src\main\java\local\jarios\common\util\PropertiesFiles.java","32","E43968E866496265509155DE36ED41394905D1A392479AE630C2DE0E3849A515"
"src\main\java\local\jarios\common\util\Mensajes.java","53","960CA3480048D9BB12E21178FF28B82095EA4098BDAD5E806AEBDB1B7832E8FC"
"src\main\java\local\jarios\common\util\ConstantesExcel.java","65","F6C8D5B7026461243004DE34B0AA2ED7F514C8746FECDDB2720E9ECEAEDF2A00"
"src\main\java\local\jarios\common\util\Constantes.java","169","4130AFB5616117BA2907B3FDE4478A821E663BB63B320F4562FBF527F5C8A224"
